100,NEM12,200505121107,CNRGYMDP,NEMMCO
200,NEM1202022,E1Q1B1K1,B1,B1,N1,02022,KWH,30,
300,20050401,0.000,0.000,0.000,0.000,0.000,0.000,0.000,0.000,0.000,0.000,0.000,0.000,0.000,0.000,0.000,0.000,0.000,0.000,0.000,0.000,0.000,0.000,0.000,0.000,0.000,0.000,0.000,0.000,0.000,0.000,0.000,0.000,0.000,0.000,0.000,0.000,0.000,0.000,0.000,0.000,0.000,0.000,0.000,0.000,0.000,0.000,0.000,0.000,A,,,20050402003445,
200,NEM1202022,E1Q1B1K1,E1,E1,N1,02022,KWH,30,
300,20050401,1804.511,1584.310,1393.994,1245.927,1178.944,1119.989,1103.978,1061.927,1084.673,1088.615,1151.909,1130.993,1154.679,1241.062,1369.015,1519.299,1622.691,1641.516,1707.452,1688.026,1693.644,1750.102,1769.638,1802.533,1841.305,1857.631,1941.293,2202.423,2357.241,2341.958,2304.514,2378.937,2365.655,2368.916,2300.143,2230.255,2257.157,2251.155,1911.024,1827.444,1731.086,1705.269,1793.694,1834.015,1750.257,1660.578,1864.987,2012.763,A,,,20050402003445,
200,NEM1202022,E1Q1B1K1,K1,K1,,02022,KVARH,30,
300,20050401,965.283,978.357,1005.465,1020.647,1020.169,1051.418,1057.752,1067.268,1074.327,1066.859,1059.910,1063.917,1044.542,1019.176,972.504,908.690,854.623,830.715,737.174,714.129,684.940,612.376,591.163,580.677,545.463,527.455,495.108,353.925,226.109,250.504,281.067,231.517,228.618,228.344,276.016,342.207,377.094,458.548,683.361,698.696,737.297,738.565,768.834,787.972,823.463,865.892,856.692,878.285,A,,,20050402003445,
200,NEM1202022,E1Q1B1K1,Q1,Q1,,02022,KVARH,30,
300,20050401,0.000,0.000,0.000,0.000,0.000,0.000,0.000,0.000,0.000,0.000,0.000,0.000,0.000,0.000,0.000,0.000,0.000,0.000,0.000,0.000,0.000,0.000,0.000,0.000,0.000,0.000,0.000,0.000,0.000,0.000,0.000,0.000,0.000,0.000,0.000,0.000,0.000,0.000,0.000,0.000,0.000,0.000,0.000,0.000,0.000,0.000,0.000,0.000,A,,,20050402003445,
200,NEM1202022,E1Q1B1K1,B1,B1,N1,02022,KWH,30,
300,20050402,0.000,0.000,0.000,0.000,0.000,0.000,0.000,0.000,0.000,0.000,0.000,0.000,0.000,0.000,0.000,0.000,0.000,0.000,0.000,0.000,0.000,0.000,0.000,0.000,0.000,0.000,0.000,0.000,0.000,0.000,0.000,0.000,0.000,0.000,0.000,0.000,0.000,0.000,0.000,0.000,0.000,0.000,0.000,0.000,0.000,0.000,0.000,0.000,A,,,20050403052005,
200,NEM1202022,E1Q1B1K1,E1,E1,N1,02022,KWH,30,
300,20050402,1857.891,1611.154,1420.119,1314.988,1203.915,1159.082,1110.297,1095.871,1105.402,1095.145,1141.606,1160.147,1225.042,1304.047,1391.984,1958.733,2228.835,2291.010,2324.479,2400.974,2415.377,2457.823,2433.678,2459.508,2472.070,2540.017,2528.356,2572.258,2609.155,2555.415,2603.798,2615.562,2628.250,2602.611,2602.913,2634.759,2600.216,2414.515,2096.361,1912.628,1868.537,1790.120,1772.027,1751.542,1662.131,1575.722,1621.799,1512.995,A,,,20050403052005,
200,NEM1202022,E1Q1B1K1,K1,K1,,02022,KVARH,30,
300,20050402,907.720,929.038,959.088,973.820,1010.856,1008.032,1030.204,1031.842,1038.663,1043.410,1031.580,1049.386,1034.297,1004.038,965.007,695.631,558.674,541.259,502.389,462.546,413.052,368.155,349.987,314.255,293.641,254.849,241.741,223.375,185.745,207.643,175.060,164.786,151.374,170.228,198.067,205.505,214.195,351.830,561.192,623.723,643.766,707.661,732.076,760.246,805.640,855.861,856.778,875.342,A,,,20050403052005,
200,NEM1202022,E1Q1B1K1,Q1,Q1,,02022,KVARH,30,
300,20050402,0.000,0.000,0.000,0.000,0.000,0.000,0.000,0.000,0.000,0.000,0.000,0.000,0.000,0.000,0.000,0.000,0.000,0.000,0.000,0.000,0.000,0.000,0.000,0.000,0.000,0.000,0.003,0.000,0.001,0.000,0.004,0.000,0.010,0.000,0.003,0.000,0.000,0.000,0.000,0.000,0.000,0.000,0.000,0.000,0.000,0.000,0.000,0.000,A,,,20050403052005,
200,NEM1202022,E1Q1B1K1,B1,B1,N1,02022,KWH,30,
300,20050403,0.000,0.000,0.000,0.000,0.000,0.000,0.000,0.000,0.000,0.000,0.000,0.000,0.000,0.000,0.000,0.000,0.000,0.000,0.000,0.000,0.000,0.000,0.000,0.000,0.000,0.000,0.000,0.000,0.000,0.000,0.000,0.000,0.000,0.000,0.000,0.000,0.000,0.000,0.000,0.000,0.000,0.000,0.000,0.000,0.000,0.000,0.000,0.000,A,,,20050404003314,
200,NEM1202022,E1Q1B1K1,E1,E1,N1,02022,KWH,30,
300,20050403,1360.096,1317.787,1245.205,1253.565,1225.107,1205.583,1200.100,1156.376,1165.784,1163.586,1179.982,1184.051,1200.518,1336.770,1491.628,1614.514,1720.716,1778.258,1919.833,1920.904,1999.336,1984.025,2011.429,2043.270,2113.087,2131.636,2114.348,2106.965,2143.211,2114.764,2156.262,2231.487,2243.050,2232.676,2225.367,2203.031,2320.848,2409.580,2377.406,2265.571,2186.763,2105.487,2053.222,1954.415,1851.947,1848.880,1876.652,1739.535,A,,,20050404003314,
200,NEM1202022,E1Q1B1K1,K1,K1,,02022,KVARH,30,
300,20050403,902.113,897.505,922.177,940.261,933.930,966.031,956.058,982.337,972.221,977.854,971.088,978.893,985.586,944.538,894.617,851.206,813.679,788.340,726.154,690.673,639.794,608.550,572.280,545.406,497.176,476.429,467.719,473.238,456.255,451.592,420.682,367.839,367.683,366.561,386.305,410.751,400.466,409.776,420.182,457.973,496.055,539.508,590.732,613.297,646.703,543.830,298.855,0.000,A,,,20050404003314,
200,NEM1202022,E1Q1B1K1,Q1,Q1,,02022,KVARH,30,
300,20050403,0.000,0.000,0.000,0.000,0.000,0.000,0.000,0.000,0.000,0.000,0.000,0.000,0.000,0.000,0.000,0.000,0.000,0.000,0.000,0.000,0.000,0.000,0.000,0.000,0.000,0.000,0.000,0.000,0.000,0.000,0.000,0.000,0.000,0.000,0.000,0.000,0.000,0.000,0.000,0.000,0.000,0.000,0.000,0.000,0.000,0.000,576.128,1290.554,A,,,20050404003314,
200,NEM1202022,E1Q1B1K1,B1,B1,N1,02022,KWH,30,
300,20050404,0.000,0.000,0.000,0.000,0.000,0.000,0.000,0.000,0.000,0.000,0.000,0.000,0.000,0.000,0.000,0.000,0.000,0.000,0.000,0.000,0.000,0.000,0.000,0.000,0.000,0.000,0.000,0.000,0.000,0.000,0.000,0.000,0.000,0.000,0.000,0.000,0.000,0.000,0.000,0.000,0.000,0.000,0.000,0.000,0.000,0.000,0.000,0.000,A,,,20050405003650,
200,NEM1202022,E1Q1B1K1,E1,E1,N1,02022,KWH,30,
300,20050404,1557.081,1225.561,1233.416,1210.828,1171.306,1187.107,1169.846,1130.259,1124.027,1118.006,1202.317,1206.663,1285.026,1437.145,1593.335,1751.528,1878.750,1815.778,1791.170,1767.506,1794.741,2066.534,2306.080,2421.003,2446.830,2413.837,2561.409,2572.258,2601.326,2582.803,2530.000,2559.121,2559.364,2617.858,2546.884,2530.509,2621.177,2823.468,2635.011,2621.369,2306.730,2252.306,2376.326,2292.709,2153.659,2096.692,2074.450,2181.682,A,,,20050405003650,
200,NEM1202022,E1Q1B1K1,K1,K1,,02022,KVARH,30,
300,20050404,0.000,528.424,548.986,555.168,570.014,574.525,590.147,597.527,592.620,603.292,589.413,596.274,588.939,566.130,535.994,492.798,396.286,409.435,391.912,339.706,371.922,490.791,364.175,282.039,231.749,218.746,184.722,192.926,142.002,147.422,158.198,130.290,155.982,177.037,225.564,276.544,299.476,264.037,299.541,346.853,553.677,534.051,467.345,476.696,532.021,542.119,561.776,592.272,A,,,20050405003650,
200,NEM1202022,E1Q1B1K1,Q1,Q1,,02022,KVARH,30,
300,20050404,1376.272,0.062,0.000,0.000,0.000,0.000,0.000,0.000,0.000,0.000,0.000,0.000,0.000,0.000,0.000,0.001,0.000,0.000,0.000,0.000,0.000,0.000,0.000,0.000,0.000,0.000,0.003,0.002,0.045,0.008,0.007,0.000,0.000,0.000,0.000,0.000,0.000,0.000,0.000,0.000,0.000,0.000,0.000,0.000,0.000,0.000,0.000,0.000,A,,,20050405003650,
200,NEM1201004,E1E2,,E1,N1,01004,kWh,15,
300,20050327,23.23,22.98,22.4,22.59,22.32,22.53,21.38,22.43,21.44,21.82,21.18,21.17,21.31,22.96,26.03,30.69,31.18,31.48,35.05,34.9,35.22,35.82,36.45,36.42,38.22,38.97,41.23,41.65,42.02,41.9,43.56,43.79,43.79,44.72,44,41.96,40.06,37.26,36.91,35.24,35.99,37.75,36.8,36.45,35.33,32.99,32.63,33.21,33.16,33.1,33.53,34.33,34.21,33.86,33.73,33.49,32.87,32.98,32.48,32.83,33.82,34.7,34.96,35.57,35.59,35.93,36.64,36.04,35.84,38.26,38.53,38.95,39.39,41.35,40.43,38.88,36.28,36.41,37.2,36.7,37.63,38.82,38.86,39.5,38.03,37.49,31.72,29.81,28.48,27.08,26.15,24.9,24.8,23.97,23.54,22.54,A,,,20050503131917,
300,20050328,22.96,22.09,23.14,22.64,22.79,22.51,22.97,22.48,22.57,22.62,22.26,22.42,22.32,21.65,28.29,33.51,33.02,31.85,33.55,33.41,32.94,33.81,33.96,34.7,36.47,38.91,37.67,37.74,38.4,39.15,38.71,40.13,38.14,38.34,37.22,36.77,36.46,36.71,36.52,35.26,34.95,34.46,34.58,34.72,34.53,33.24,33.11,31.99,30.66,31.01,30.37,30.15,30.46,29.96,30.03,29.77,30.49,29.93,30.22,31.23,30.64,30.75,31.72,32.35,32.84,32.29,31.62,31.08,31.44,31.06,31.72,31.91,33.44,32.5,33.92,34.15,33.32,33.97,34.64,34.12,33.56,34.53,33.8,35.35,33.96,32.04,26.28,23.84,22.54,22.46,21.9,21.61,20.79,20.36,19.51,18.73,A,,,20050503131919,
300,20050329,18.9,18.9,18.69,19.18,19.02,18.55,18.39,18.14,18.18,17.97,18.37,18.11,18.22,18.21,20.78,25.89,27.08,29.73,31.6,30.46,29.88,29.79,29.5,30.52,33.43,34.35,34.13,35.58,36.51,36.93,37.77,37.77,36.62,36.09,36.25,35.45,35.13,35.94,35.86,35.56,34.95,35.65,34.17,33.92,34.29,34.14,33.85,32.56,34.63,34.32,33.79,32.9,33.77,34.65,34.75,34.56,34.43,34.1,32.57,32.95,33.67,34.57,33.21,33.01,33.53,33.85,34.21,34.09,34.3,35.11,36.72,37.96,37.52,39.25,39.99,39.02,37.09,37.37,37.69,36.98,37.81,38.21,39.41,41.01,39.9,40.06,40.26,42.02,41.2,41.18,38.79,31.32,30.31,28.94,27.85,28.18,A,,,20050503131920,
300,20050330,27.33,26.58,26.4,24.31,24.17,23.57,23.77,23.78,23.48,22.74,23.15,22.35,21.76,22.95,22.02,22.22,23.28,27.48,26.67,27.32,32.33,36.18,35.73,38.56,40.95,43.82,43.09,43.07,42.81,43.48,44.73,43.95,41.84,39.96,37.75,36.62,36.27,36.82,37.31,36.85,37.29,36.61,36.53,35.33,34.43,34.79,32.93,33.28,33.21,32.27,32.44,33.37,33.01,32.5,32.58,32.56,31.8,32.22,32.39,32.32,32.48,31.75,32.06,32.28,33.31,33.85,34.13,34.25,35.52,35.71,36.86,38.07,39.96,41.75,41.69,40.83,39.77,38.81,38.48,38.9,39.25,41.5,41.87,41.51,42.39,41.82,39.97,39.12,40.87,39.86,34.18,30.47,28.69,27.9,26.78,26.61,A,,,20050503131922,
200,NEM1201004,E1E2,,E2,N2,01004,kWh,15,
300,20050327,0,0,0,0,0,0,0,0,0,0,0,.02,4.16,4.22,4.21,4.21,4.21,4.19,4.18,4.18,4.17,4.16,4.2,4.22,4.21,4.22,4.23,4.22,4.21,4.25,4.25,4.2,4.19,4.18,4.17,4.17,4.18,4.17,4.17,4.17,4.16,4.21,4.21,4.22,4.21,4.21,4.2,4.2,4.2,4.21,4.21,4.22,4.22,4.21,4.22,4.22,4.22,4.21,4.22,4.21,4.21,4.22,4.22,4.22,4.23,4.24,4.24,4.24,4.2,4.17,4.16,4.14,4.17,4.21,4.2,4.2,4.21,4.23,4.22,4.17,4.19,4.2,4.22,4.23,4.24,4.25,4.2,4.2,2.37,0,0,0,0,0,0,0,A,,,20050503131931,
300,20050328,0,0,0,0,0,0,0,0,0,0,0,1.57,4.21,4.17,4.21,4.19,4.19,4.19,4.18,4.18,4.17,4.16,4.15,4.16,4.16,4.18,4.2,4.19,4.17,4.22,4.19,4.21,4.22,4.2,4.2,4.19,4.17,4.22,4.23,4.23,4.22,4.2,4.2,4.19,4.19,4.19,4.18,4.18,4.17,4.17,4.17,4.18,4.18,4.19,4.19,4.19,4.19,4.19,4.2,4.19,4.2,4.19,4.2,4.2,4.2,4.2,4.21,4.21,4.22,4.22,4.21,4.23,4.21,4.17,4.16,4.17,4.18,4.19,4.2,4.21,2,0,0,0,0,0,0,0,0,0,0,0,0,0,0,0,A,,,20050503131932,
300,20050329,0,0,0,0,0,0,0,0,0,0,0,0,1.93,4.19,4.2,4.18,4.17,4.16,4.15,4.15,4.19,4.16,4.15,4.16,4.22,4.22,4.2,4.19,4.2,4.21,4.18,4.21,4.24,4.24,4.22,4.21,4.2,4.2,4.18,4.18,4.17,4.2,4.23,4.23,4.21,4.19,4.17,3.95,.49,2.84,4.18,4.18,4.18,4.19,4.18,4.17,4.16,4.15,4.15,4.2,4.23,4.23,4.21,4.21,4.22,4.23,4.21,4.19,4.2,4.18,4.2,4.19,4.13,4.17,4.19,4.2,4.19,4.17,4.17,4.21,4.18,4.21,4.22,4.19,4.21,4.22,4.2,4.2,2.69,0,0,0,0,0,0,0,A,,,20050503131934,
300,20050330,0,0,0,0,0,0,0,0,0,0,0,0,0,0,0,0,0,0,0,0,0,0,0,0,.25,.53,.53,.53,.53,.52,.52,.52,.52,.52,.52,.52,.52,3.72,4.22,4.22,4.22,4.2,4.2,4.19,4.19,4.18,4.17,4.16,4.16,4.15,4.15,4.17,4.15,4.15,4.21,4.23,4.2,4.17,4.16,4.19,4.21,4.22,4.22,4.21,4.22,4.2,4.19,4.22,4.21,4.18,4.18,4.19,4.2,4.18,4.18,4.2,4.2,4.19,4.21,4.2,4.18,4.2,4.21,4.22,4.22,4.23,4.21,4.19,4.19,2.08,0,0,0,0,0,0,A,,,20050503131935,
200,NEM1202024,B1E1K1Q1,,B1,N1,02024,kWh,30,
300,20050327,1445.64,1463.29,1473.11,1475.95,1476.83,1475.98,1474.71,1476.29,1475.85,1475.69,1476.13,1495.93,1469.85,1436.64,1435.61,1434.32,1433.06,1434.66,1428.84,1428.43,1452.07,1459.52,1455.68,1485.16,1489.95,1491.83,1514.11,1511.8,1483.97,1480.94,1462.89,1456.57,1458.51,1433.01,1431.25,1433,1435.1,1431.62,1407.58,1408.6,1409.24,1409.08,1410.04,1433.58,1435.24,1456.02,1468.48,1490.42,A,,,20050503132407,
300,20050328,1488.84,1477.34,1495.07,1504.91,1505.3,1505.89,1501.16,1479.86,1478.34,1475.04,1446.33,1440.99,1438.04,1436.43,1435.72,1417.81,1407.69,1405.28,1404.14,1434.62,1453.68,1450.67,1472.63,1482.16,1503.46,1511.43,1510.44,1506.04,1506.12,1474.86,1474.17,1475.01,1473.36,1453.85,1452.31,1429.98,1427.42,1415.91,1404.55,1404.96,1373.76,1375.5,1400.57,1401.46,1401.36,1401.77,1414.07,1432.15,A,,,20050503132408,
300,20050329,1432.56,1432.33,1434.93,1467.69,1475.85,1498.82,1494.02,1474.59,1470.21,1439,1439.45,1438.57,1436.92,1409.89,1405.94,1422.23,1410.51,1402.22,1410.53,1443.52,1456.57,1281.48,1079.39,1078.03,1076.81,1076.86,1077.24,1222.68,1599,1563.31,1559.06,1542.84,1530.9,1494.69,1491.28,1492.85,1491.89,1471.75,1471.65,1469.17,1471.24,1471.09,1471.53,1472.44,1473.24,1480.54,1500.06,1521.76,A,,,20050503132408,
300,20050330,1517.51,1518.61,1531.92,1546.14,1546.49,1540.89,1537.96,1529.17,1508.85,1507.97,1507.2,1494.86,1478.2,1474.58,1469.67,1096.32,1082.77,1081.98,1081.21,1080.84,1080.45,1096.77,1520.39,1564.1,1557.2,1556.03,1526.89,1526.35,1510.97,1468.16,1496.12,1496.72,1491.58,1473.5,1472.56,1438.86,1435.51,1434.93,1436.26,1436.66,1436.65,1437,1442.39,1464.21,1465.75,1467.05,1470.68,1471.02,A,,,20050503132409,
200,NEM1202024,B1E1K1Q1,,E1,N1,02024,kWh,30,
300,20050327,0,0,0,0,0,0,0,0,0,0,0,0,0,0,0,0,0,0,0,0,0,0,0,0,0,0,0,0,0,0,0,0,0,0,0,0,0,0,0,0,0,0,0,0,0,0,0,0,A,,,20050503132414,
300,20050328,0,0,0,0,0,0,0,0,0,0,0,0,0,0,0,0,0,0,0,0,0,0,0,0,0,0,0,0,0,0,0,0,0,0,0,0,0,0,0,0,0,0,0,0,0,0,0,0,A,,,20050503132415,
300,20050329,0,0,0,0,0,0,0,0,0,0,0,0,0,0,0,0,0,0,0,0,0,0,0,0,0,0,0,0,0,0,0,0,0,0,0,0,0,0,0,0,0,0,0,0,0,0,0,0,A,,,20050503132415,
300,20050330,0,0,0,0,0,0,0,0,0,0,0,0,0,0,0,0,0,0,0,0,0,0,0,0,0,0,0,0,0,0,0,0,0,0,0,0,0,0,0,0,0,0,0,0,0,0,0,0,A,,,20050503132416,
200,NEM1202024,B1E1K1Q1,,K1,,02024,kvarh,30,
300,20050327,0,0,0,0,0,0,0,0,0,0,0,0,0,0,0,0,0,0,0,0,0,0,0,0,0,0,0,0,0,0,0,0,0,0,0,0,0,0,0,0,0,0,0,.06,0,0,0,0,A,,,20050503132421,
300,20050328,0,0,0,0,0,0,0,0,0,0,0,0,0,0,0,0,0,0,0,0,0,0,0,0,0,0,0,0,0,0,0,0,0,0,0,0,0,0,0,0,0,0,.02,0,0,0,0,0,A,,,20050503132422,
300,20050329,0,0,0,0,0,0,.08,0,0,0,0,0,0,0,0,0,0,0,0,0,0,0,0,0,0,0,0,0,0,0,0,0,0,0,0,0,0,0,0,0,0,0,0,0,.02,0,0,0,A,,,20050503132422,
300,20050330,0,0,0,0,0,0,0,0,0,0,0,0,0,0,0,0,0,0,0,0,0,0,0,0,0,0,0,0,0,0,0,0,0,0,0,0,0,0,0,0,0,0,0,0,0,0,.07,0,A,,,20050503132423,
200,NEM1202024,B1E1K1Q1,,Q1,,02024,kvarh,30,
300,20050327,179.19,190.5,189.12,175.66,164.88,180.17,194.39,192.38,161.72,181.96,194.98,200.24,167.12,178.13,186.67,169.96,182.07,182.72,165.56,181.8,191.48,190.47,172.76,201.27,210.35,207.48,199.65,199.26,193.56,192.23,189.35,169.74,167.57,172.27,169.16,165.25,173.24,176.72,185.8,180.92,170.81,162.64,169.79,184.25,177.03,173.12,185.27,188.54,A,,,20050503132428,
300,20050328,192.49,204.53,194.64,193.99,204.26,203.05,195.72,192.59,185.94,167.46,172.91,185.53,160.24,177.69,162.12,173.24,177.46,177.76,176.34,179.42,184.69,186.13,186.87,180.5,213.33,205.65,203.43,183.16,177.52,192.85,192.35,169.32,169.45,195.08,179.61,175,178.18,174.04,191.84,182.29,176.54,179.68,179.43,189.48,178.47,183.8,180.16,191.52,A,,,20050503132429,
300,20050329,180.67,172.75,171.39,179.68,192.69,195.56,193.63,189.77,168.82,169.43,180.52,171.92,168.77,182.07,181.31,171.18,169.18,178.6,176.72,181.53,194.04,168.75,155.71,148.5,144.77,136.91,141.89,166.6,220.85,201.38,198.72,200.03,203.58,196.05,194.16,178.17,189.8,199.55,194.81,194.57,196.92,192.63,174.56,246.63,183.12,177.16,189.44,199.92,A,,,20050503132429,
300,20050330,196.55,206.76,196.54,200.76,214.16,220.23,218.19,199.15,174.29,176.15,184.95,196.59,181.98,180.11,173.16,138.82,145.29,133.89,150.17,138.97,155.46,147.17,209.95,203.99,207.04,205.58,191.18,203.24,193.02,186.54,192.29,191.5,206.25,189.35,189.84,175.21,184.92,194.32,182.47,185,183.19,202.58,179.07,230.18,193.01,200.36,171.67,167.77,A,,,20050503132430,
200,NEM1203044,E1Q1,,E1,N1,03044,kWh,15,
300,20050327,6.13,6.04,5.56,5.64,5.53,5.7,5.73,5.46,5.6,5.67,5.31,5.44,5.31,5.45,5.27,5.14,5.38,5.33,5.58,5.81,5.55,5.44,5.45,5.75,6.86,6.3,5.43,5.3,5.27,6.38,5.44,5.16,5.55,6.66,6.46,5.71,6.26,5.75,4.61,3.93,4.44,3.4,3.15,2.66,2.89,3.04,2.97,2.78,3.11,3.06,3.1,2.98,2.85,2.93,2.81,2.79,2.79,3.09,2.92,2.97,3.16,3.06,3.09,3.19,3.21,3.16,2.83,2.71,3.06,2.77,3.04,3.74,4.33,5,5,5.62,5.96,5.37,5.27,5.07,5.04,4.73,5.04,5.14,5.35,5.65,6.05,5.74,5.69,6.03,5.53,5.37,5.03,5.02,5.6,5.75,S14,76,Communications Fault,20050503132600,
300,20050328,5.53,5.42,4.92,4.77,4.63,4.72,5.03,5.31,4.88,4.79,4.48,4.7,4.72,4.58,4.69,4.51,4.58,4.42,4.57,4.31,4.43,4.46,4.36,4.6,4.54,4.1,4.26,4.79,5.22,5.46,5.5,5.52,4.46,4.82,4.9,5.08,4.42,4.3,3.83,4.33,4.55,5.64,6.45,6.66,6.58,6.85,6.79,6.38,5.45,5.14,4.91,4.43,3.21,2.52,2.65,2.47,2.47,2.63,2.59,2.65,2.72,2.83,2.48,2.78,2.77,3.06,2.91,3.24,3.7,3.55,3.3,3.33,3.93,4.84,4.83,4.67,5.15,5.08,5.27,5.2,5.01,4.78,4.96,5.15,5.89,6.26,6.96,6.68,6.42,6.1,6.31,6.08,5.64,5.62,5.57,5.64,S14,76,Communications Fault,20050503132601,
300,20050329,5.43,5.4,5.36,5.42,5.47,5.19,5.5,5.59,5.14,5.03,5.21,5.19,5.08,5.03,5.15,5.04,5.1,5.2,5.08,5.52,5.21,5.18,5.1,5.14,4.73,4.24,4.23,5.24,4.98,5.25,5.78,4.96,4.5,4.07,4.24,4.86,5.36,4.76,5.07,6.35,6.65,6.73,6.59,6.72,7.32,8.63,8.98,8.24,6.56,6.72,7.2,6.78,4.9,2.63,2.02,2.05,1.95,2.13,1.98,2.46,2.19,2.28,2.01,2.01,2.24,2.02,2.04,2.12,2.3,2.47,2.51,2.76,4.16,5.27,5.06,5.33,5.47,5.82,5.95,5.83,6.22,6.25,6.58,6.93,6.29,6.86,7.04,6.69,6.96,7.15,7.28,6.77,6.77,6.49,6.28,6.19,S14,76,Communications Fault,20050503132603,
300,20050330,6.13,5.91,5.87,6.04,6.13,5.85,5.87,5.92,5.75,5.69,5.68,5.8,5.69,5.58,5.67,5.8,5.66,5.61,6.08,5.88,5.68,5.6,5.79,5.52,5.16,4.95,5.2,5.1,5.33,5.38,5.46,5.08,5.17,4.73,4.98,3.74,3.9,3.68,3.36,3.25,3.22,3.05,3.32,4.15,4.78,4.93,4.93,4.42,4.45,3.52,3.2,3.49,3.09,2.68,2.24,2.37,2.21,2.2,2.33,2.21,2.24,2.11,2.28,2.12,2.36,2.21,2.13,2,2.12,2.76,2.96,3.36,3.83,5.19,5.52,6.01,6.74,6.64,6.53,6.83,7,6.69,6.57,6.71,6.44,6.55,6.36,6.63,6.12,6.22,6.01,6.11,6.09,5.98,5.93,5.52,S14,76,Communications Fault,20050503132604,
200,NEM1203044,E1Q1,,Q1,,03044,kvarh,15,
300,20050327,1.4,1.39,1.35,1.5,1.55,1.43,1.39,1.42,1.6,1.47,1.27,1.3,1.36,1.45,1.46,1.33,1.4,1.34,1.49,1.54,1.38,1.35,1.34,1.43,1.72,1.17,1.03,1.05,1.14,1.26,1.13,1.09,1.18,1.21,1.35,1.41,1.33,1.29,1.11,1.11,1.37,1.21,.95,.85,1.05,1.2,1.04,.95,1.07,1,1.17,1.1,1.06,1.06,.97,1.11,1.06,.9,.92,.97,1.15,1.06,.94,.98,1.04,1.21,1.08,.92,1,.97,1.2,1.24,1.44,1.63,1.63,1.88,1.88,1.74,1.8,1.75,1.86,1.74,1.69,1.73,1.75,1.96,1.94,1.74,1.61,1.61,1.7,1.62,1.48,1.5,1.6,1.65,S14,76,Communications Fault,20050503132614,
300,20050328,1.48,1.41,1.49,1.48,1.49,1.39,1.35,1.37,1.46,1.49,1.27,1.25,1.23,1.31,1.35,1.25,1.31,1.27,1.41,1.34,1.26,1.19,1.19,1.43,1.39,.79,.93,1.04,1.34,1.3,1.2,1.22,1.2,1.3,1.39,1.24,1.12,1.13,1.17,1.46,1.57,1.87,2.19,2.24,2.32,2.26,2.2,2.09,1.95,2.04,1.8,1.7,1.27,1.13,1.13,1.03,1.01,1.1,1.1,1.21,1.12,1.17,1.07,1.25,1.27,1.23,1.09,1.11,1.29,1.35,1.19,1.21,1.5,1.9,1.82,1.61,1.7,1.57,1.65,1.64,1.63,1.63,1.64,1.78,1.9,1.8,1.74,1.76,1.82,1.76,1.55,1.53,1.59,1.61,1.58,1.46,S14,76,Communications Fault,20050503132615,
300,20050329,1.45,1.45,1.51,1.4,1.3,1.32,1.36,1.49,1.41,1.3,1.32,1.4,1.38,1.23,1.25,1.27,1.35,1.4,1.27,1.31,1.2,1.37,1.37,1.3,1.17,.87,1.08,1.04,.95,1.02,1.27,1.4,1.29,1.35,1.41,1.3,1.37,1.25,1.39,1.82,2.01,2.18,1.97,2.07,2.47,3.11,3.08,2.88,2.46,2.39,2.67,2.36,1.63,.8,.84,.98,.81,.78,.78,1.06,.92,.81,.86,.89,.95,.86,.86,.91,.96,1.05,.96,.94,1.4,1.86,1.89,1.65,1.64,1.65,1.8,1.79,1.75,1.71,1.93,2.02,1.74,1.73,1.79,1.89,1.86,1.73,1.8,1.66,1.72,1.53,1.54,1.56,S14,76,Communications Fault,20050503132616,
300,20050330,1.7,1.63,1.47,1.46,1.55,1.58,1.45,1.37,1.34,1.45,1.47,1.35,1.32,1.27,1.46,1.41,1.32,1.25,1.36,1.54,1.35,1.31,1.34,1.44,1.17,.99,1.1,1.12,1.24,1.13,1.13,1.13,1.18,1.09,1.02,.98,1.1,1.33,1.13,1.14,1.2,1.24,1.22,1.46,1.88,1.92,1.98,1.69,1.61,1.26,1.28,1.41,1.21,.99,.91,1.1,.95,.87,.92,.95,1,.86,.86,.84,1.03,1,.82,.86,.99,1.18,1.03,1.11,1.32,1.76,1.78,1.79,1.67,1.69,1.89,1.8,1.66,1.69,1.76,1.86,1.66,1.65,1.57,1.74,1.72,1.52,1.52,1.52,1.71,1.61,1.48,1.43,S14,76,Communications Fault,20050503132618,
200,NEM1203044,E1Q1,,E1,N1,03044,kWh,15,
300,20050327,6.13,6.04,5.56,5.64,5.53,5.7,5.73,5.46,5.6,5.67,5.31,5.44,5.31,5.45,5.27,5.14,5.38,5.33,5.58,5.81,5.55,5.44,5.45,5.75,6.86,6.3,5.43,5.3,5.27,6.38,5.44,5.16,5.55,6.66,6.46,5.71,6.26,5.75,4.61,3.93,4.44,3.4,3.15,2.66,2.89,3.04,2.97,2.78,3.11,3.06,3.1,2.98,2.85,2.93,2.81,2.79,2.79,3.09,2.92,2.97,3.16,3.06,3.09,3.19,3.21,3.16,2.83,2.71,3.06,2.77,3.04,3.74,4.33,5,5,5.62,5.96,5.37,5.27,5.07,5.04,4.73,5.04,5.14,5.35,5.65,6.05,5.74,5.69,6.03,5.53,5.37,5.03,5.02,5.6,5.75,S14,76,Communications Fault,20050503132600,
300,20050328,5.53,5.42,4.92,4.77,4.63,4.72,5.03,5.31,4.88,4.79,4.48,4.7,4.72,4.58,4.69,4.51,4.58,4.42,4.57,4.31,4.43,4.46,4.36,4.6,4.54,4.1,4.26,4.79,5.22,5.46,5.5,5.52,4.46,4.82,4.9,5.08,4.42,4.3,3.83,4.33,4.55,5.64,6.45,6.66,6.58,6.85,6.79,6.38,5.45,5.14,4.91,4.43,3.21,2.52,2.65,2.47,2.47,2.63,2.59,2.65,2.72,2.83,2.48,2.78,2.77,3.06,2.91,3.24,3.7,3.55,3.3,3.33,3.93,4.84,4.83,4.67,5.15,5.08,5.27,5.2,5.01,4.78,4.96,5.15,5.89,6.26,6.96,6.68,6.42,6.1,6.31,6.08,5.64,5.62,5.57,5.64,S14,76,Communications Fault,20050503132601,
300,20050329,5.43,5.4,5.36,5.42,5.47,5.19,5.5,5.59,5.14,5.03,5.21,5.19,5.08,5.03,5.15,5.04,5.1,5.2,5.08,5.52,5.21,5.18,5.1,5.14,4.73,4.24,4.23,5.24,4.98,5.25,5.78,4.96,4.5,4.07,4.24,4.86,5.36,4.76,5.07,6.35,6.65,6.73,6.59,6.72,7.32,8.63,8.98,8.24,6.56,6.72,7.2,6.78,4.9,2.63,2.02,2.05,1.95,2.13,1.98,2.46,2.19,2.28,2.01,2.01,2.24,2.02,2.04,2.12,2.3,2.47,2.51,2.76,4.16,5.27,5.06,5.33,5.47,5.82,5.95,5.83,6.22,6.25,6.58,6.93,6.29,6.86,7.04,6.69,6.96,7.15,7.28,6.77,6.77,6.49,6.28,6.19,S14,76,Communications Fault,20050503132603,
300,20050330,6.13,5.91,5.87,6.04,6.13,5.85,5.87,5.92,5.75,5.69,5.68,5.8,5.69,5.58,5.67,5.8,5.66,5.61,6.08,5.88,5.68,5.6,5.79,5.52,5.16,4.95,5.2,5.1,5.33,5.38,5.46,5.08,5.17,4.73,4.98,3.74,3.9,3.68,3.36,3.25,3.22,3.05,3.32,4.15,4.78,4.93,4.93,4.42,4.45,3.52,3.2,3.49,3.09,2.68,2.24,2.37,2.21,2.2,2.33,2.21,2.24,2.11,2.28,2.12,2.36,2.21,2.13,2,2.12,2.76,2.96,3.36,3.83,5.19,5.52,6.01,6.74,6.64,6.53,6.83,7,6.69,6.57,6.71,6.44,6.55,6.36,6.63,6.12,6.22,6.01,6.11,6.09,5.98,5.93,5.52,S14,76,Communications Fault,20050503132604,
200,NEM1203044,E1Q1,,Q1,,03044,kvarh,15,
300,20050327,1.4,1.39,1.35,1.5,1.55,1.43,1.39,1.42,1.6,1.47,1.27,1.3,1.36,1.45,1.46,1.33,1.4,1.34,1.49,1.54,1.38,1.35,1.34,1.43,1.72,1.17,1.03,1.05,1.14,1.26,1.13,1.09,1.18,1.21,1.35,1.41,1.33,1.29,1.11,1.11,1.37,1.21,.95,.85,1.05,1.2,1.04,.95,1.07,1,1.17,1.1,1.06,1.06,.97,1.11,1.06,.9,.92,.97,1.15,1.06,.94,.98,1.04,1.21,1.08,.92,1,.97,1.2,1.24,1.44,1.63,1.63,1.88,1.88,1.74,1.8,1.75,1.86,1.74,1.69,1.73,1.75,1.96,1.94,1.74,1.61,1.61,1.7,1.62,1.48,1.5,1.6,1.65,S14,76,Communications Fault,20050503132614,
300,20050328,1.48,1.41,1.49,1.48,1.49,1.39,1.35,1.37,1.46,1.49,1.27,1.25,1.23,1.31,1.35,1.25,1.31,1.27,1.41,1.34,1.26,1.19,1.19,1.43,1.39,.79,.93,1.04,1.34,1.3,1.2,1.22,1.2,1.3,1.39,1.24,1.12,1.13,1.17,1.46,1.57,1.87,2.19,2.24,2.32,2.26,2.2,2.09,1.95,2.04,1.8,1.7,1.27,1.13,1.13,1.03,1.01,1.1,1.1,1.21,1.12,1.17,1.07,1.25,1.27,1.23,1.09,1.11,1.29,1.35,1.19,1.21,1.5,1.9,1.82,1.61,1.7,1.57,1.65,1.64,1.63,1.63,1.64,1.78,1.9,1.8,1.74,1.76,1.82,1.76,1.55,1.53,1.59,1.61,1.58,1.46,S14,76,Communications Fault,20050503132615,
300,20050329,1.45,1.45,1.51,1.4,1.3,1.32,1.36,1.49,1.41,1.3,1.32,1.4,1.38,1.23,1.25,1.27,1.35,1.4,1.27,1.31,1.2,1.37,1.37,1.3,1.17,.87,1.08,1.04,.95,1.02,1.27,1.4,1.29,1.35,1.41,1.3,1.37,1.25,1.39,1.82,2.01,2.18,1.97,2.07,2.47,3.11,3.08,2.88,2.46,2.39,2.67,2.36,1.63,.8,.84,.98,.81,.78,.78,1.06,.92,.81,.86,.89,.95,.86,.86,.91,.96,1.05,.96,.94,1.4,1.86,1.89,1.65,1.64,1.65,1.8,1.79,1.75,1.71,1.93,2.02,1.74,1.73,1.79,1.89,1.86,1.73,1.8,1.66,1.72,1.53,1.54,1.56,S14,76,Communications Fault,20050503132616,
300,20050330,1.7,1.63,1.47,1.46,1.55,1.58,1.45,1.37,1.34,1.45,1.47,1.35,1.32,1.27,1.46,1.41,1.32,1.25,1.36,1.54,1.35,1.31,1.34,1.44,1.17,.99,1.1,1.12,1.24,1.13,1.13,1.13,1.18,1.09,1.02,.98,1.1,1.33,1.13,1.14,1.2,1.24,1.22,1.46,1.88,1.92,1.98,1.69,1.61,1.26,1.28,1.41,1.21,.99,.91,1.1,.95,.87,.92,.95,1,.86,.86,.84,1.03,1,.82,.86,.99,1.18,1.03,1.11,1.32,1.76,1.78,1.79,1.67,1.69,1.89,1.8,1.66,1.69,1.76,1.86,1.66,1.65,1.57,1.74,1.72,1.52,1.52,1.52,1.71,1.61,1.48,1.43,S14,76,Communications Fault,20050503132618,
900
